yyymmddtt,ABF,dust,ust,smoke,SS Total AOT,hr,date,type
2022020100,0.1,0.03,0.02,0.1,0.24,0,2022-02-01,
2022020106,0.04,0.01,0.01,0.03,0.09,6,2022-02-01,
2022020112,0.04,0.01,0.01,0.02,0.09,12,2022-02-01,
2022020118,0.03,0.01,0,0.02,0.06,18,2022-02-01,
2022020200,0.02,0.01,0,0.01,0.05,0,2022-02-02,
2022020206,0.04,0.03,0.01,0.02,0.1,6,2022-02-02,
2022020212,0.09,0.02,0.03,0.05,0.19,12,2022-02-02,
2022020218,0.1,0,0.04,0.05,0.19,18,2022-02-02,
2022020300,0.13,0,0.05,0.03,0.22,0,2022-02-03,
2022020306,0.22,0.01,0.07,0.04,0.34,6,2022-02-03,
2022020312,0.2,0.01,0.06,0.03,0.29,12,2022-02-03,
2022020318,0.14,0,0.04,0.02,0.2,18,2022-02-03,
2022020400,0.07,0,0.02,0.01,0.11,0,2022-02-04,
2022020406,0.06,0.01,0.01,0.01,0.09,6,2022-02-04,
2022020412,0.08,0.01,0.01,0.02,0.11,12,2022-02-04,
2022020418,0.09,0.04,0.01,0.02,0.15,18,2022-02-04,
2022020500,0.04,0.04,0.01,0.01,0.1,0,2022-02-05,
2022020506,0.06,0.03,0.01,0.01,0.11,6,2022-02-05,
2022020512,0.04,0.02,0.01,0.01,0.08,12,2022-02-05,
2022020518,0.04,0.02,0.01,0.01,0.08,18,2022-02-05,
2022020600,0.04,0.02,0.01,0.01,0.07,0,2022-02-06,
2022020606,0.03,0.03,0.01,0.01,0.08,6,2022-02-06,
2022020612,0.05,0.02,0.01,0.01,0.09,12,2022-02-06,
2022020618,0.09,0.02,0.02,0.02,0.15,18,2022-02-06,
2022020700,0.09,0.03,0.02,0.03,0.17,0,2022-02-07,
2022020706,0.12,0.02,0.02,0.04,0.2,6,2022-02-07,
2022020712,0.16,0.02,0.02,0.04,0.24,12,2022-02-07,
2022020718,0.1,0.03,0.02,0.01,0.16,18,2022-02-07,
2022020800,0.06,0.02,0.02,0.01,0.1,0,2022-02-08,
2022020806,0.04,0.01,0.01,0.01,0.08,6,2022-02-08,
2022020812,0.04,0.01,0.01,0.01,0.07,12,2022-02-08,
2022020818,0.03,0.01,0.01,0.01,0.06,18,2022-02-08,
2022020900,0.03,0.01,0.01,0.01,0.06,0,2022-02-09,
2022020906,0.03,0.01,0.01,0.01,0.06,6,2022-02-09,
2022020912,0.03,0.01,0.01,0.01,0.06,12,2022-02-09,
2022020918,0.04,0.02,0.01,0.01,0.08,18,2022-02-09,
2022021000,0.04,0.03,0.01,0.01,0.08,0,2022-02-10,
2022021006,0.03,0.04,0.01,0.01,0.09,6,2022-02-10,
2022021012,0.03,0.04,0.01,0.01,0.08,12,2022-02-10,
2022021018,0.04,0.03,0.01,0.01,0.09,18,2022-02-10,
2022021100,0.04,0.03,0.01,0.01,0.09,0,2022-02-11,
2022021106,0.04,0.03,0.01,0.01,0.09,6,2022-02-11,
2022021112,0.04,0.02,0.01,0,0.09,12,2022-02-11,
2022021118,0.06,0.01,0.01,0,0.1,18,2022-02-11,
2022021200,0.06,0.02,0.01,0.01,0.1,0,2022-02-12,
2022021206,0.05,0.04,0.01,0.01,0.12,6,2022-02-12,
2022021212,0.07,0.03,0.02,0.02,0.14,12,2022-02-12,
2022021218,0.15,0.03,0.03,0.03,0.24,18,2022-02-12,
2022021300,0.11,0.03,0.09,0.02,0.25,0,2022-02-13,
2022021306,0.03,0.01,0.04,0.02,0.1,6,2022-02-13,
2022021312,0.02,0.01,0.01,0.02,0.05,12,2022-02-13,
2022021318,0.02,0.01,0.01,0.02,0.06,18,2022-02-13,
2022021400,0.03,0.01,0.01,0.01,0.06,0,2022-02-14,
2022021406,0.03,0.01,0.01,0.01,0.06,6,2022-02-14,
2022021412,0.02,0.02,0.01,0.01,0.06,12,2022-02-14,
2022021418,0.03,0.02,0.01,0.01,0.07,18,2022-02-14,
2022021500,0.03,0.02,0.01,0.01,0.07,0,2022-02-15,
2022021506,0.03,0.02,0.01,0.02,0.08,6,2022-02-15,
2022021512,0.02,0.02,0.01,0.02,0.07,12,2022-02-15,
2022021518,0.04,0.03,0.01,0.03,0.11,18,2022-02-15,
2022021600,0.03,0.02,0.01,0.02,0.09,0,2022-02-16,
2022021606,0.04,0.02,0.02,0.05,0.13,6,2022-02-16,
2022021612,0.06,0.02,0.02,0.06,0.16,12,2022-02-16,
2022021618,0.08,0.01,0.03,0.06,0.18,18,2022-02-16,
2022021700,0.06,0.02,0.02,0.04,0.14,0,2022-02-17,
2022021706,0.09,0.01,0.04,0.07,0.21,6,2022-02-17,
2022021712,0.07,0,0.03,0.04,0.15,12,2022-02-17,
2022021718,0.05,0.01,0.03,0.02,0.11,18,2022-02-17,
2022021800,0.03,0.01,0.02,0.01,0.07,0,2022-02-18,
2022021806,0.02,0.01,0.01,0.01,0.05,6,2022-02-18,
2022021812,0.03,0.01,0.02,0.01,0.07,12,2022-02-18,
2022021818,0.06,0.03,0.02,0.01,0.12,18,2022-02-18,
2022021900,0.04,0.02,0.02,0.01,0.09,0,2022-02-19,
2022021906,0.04,0.02,0.02,0.01,0.09,6,2022-02-19,
2022021912,0.06,0.02,0.03,0.01,0.11,12,2022-02-19,
2022021918,0.06,0.02,0.03,0.01,0.13,18,2022-02-19,
2022022000,0.06,0.01,0.03,0.02,0.13,0,2022-02-20,
2022022006,0.08,0.01,0.03,0.03,0.16,6,2022-02-20,
2022022012,0.1,0.01,0.04,0.05,0.2,12,2022-02-20,
2022022018,0.13,0.01,0.05,0.08,0.27,18,2022-02-20,
2022022100,0.12,0.01,0.05,0.07,0.26,0,2022-02-21,
2022022106,0.12,0.01,0.05,0.07,0.25,6,2022-02-21,
2022022112,0.09,0.02,0.03,0.04,0.18,12,2022-02-21,
2022022118,0.07,0.01,0.03,0.03,0.14,18,2022-02-21,
2022022200,0.07,0.01,0.03,0.03,0.14,0,2022-02-22,
2022022206,0.08,0.01,0.04,0.04,0.17,6,2022-02-22,
2022022212,0.08,0.01,0.03,0.04,0.16,12,2022-02-22,
2022022218,0.1,0.02,0.04,0.05,0.22,18,2022-02-22,
2022022300,0.09,0.04,0.04,0.05,0.23,0,2022-02-23,
2022022306,0.09,0.04,0.05,0.06,0.24,6,2022-02-23,
2022022312,0.09,0.03,0.04,0.07,0.22,12,2022-02-23,
2022022318,0.15,0.03,0.05,0.11,0.34,18,2022-02-23,
2022022400,0.11,0.03,0.05,0.08,0.27,0,2022-02-24,
2022022406,0.08,0.02,0.05,0.04,0.19,6,2022-02-24,
2022022412,0.09,0.02,0.04,0.06,0.21,12,2022-02-24,
2022022418,0.11,0.02,0.04,0.06,0.23,18,2022-02-24,
2022022500,0.09,0.02,0.05,0.04,0.21,0,2022-02-25,
2022022506,0.14,0.04,0.06,0.06,0.31,6,2022-02-25,
2022022512,0.16,0.03,0.06,0.06,0.31,12,2022-02-25,
2022022518,0.13,0.02,0.04,0.05,0.24,18,2022-02-25,
2022022600,0.12,0.01,0.03,0.05,0.21,0,2022-02-26,
2022022606,0.12,0.01,0.03,0.06,0.22,6,2022-02-26,
2022022612,0.1,0.01,0.02,0.06,0.19,12,2022-02-26,
2022022618,0.09,0.01,0.02,0.06,0.18,18,2022-02-26,
2022022700,0.1,0.01,0.02,0.05,0.18,0,2022-02-27,
2022022706,0.11,0.05,0.03,0.04,0.24,6,2022-02-27,
2022022712,0.16,0.03,0.03,0.04,0.27,12,2022-02-27,
2022022718,0.15,0.01,0.02,0.03,0.21,18,2022-02-27,
2022022800,0.09,0.01,0.01,0.01,0.13,0,2022-02-28,
2022022806,0.05,0.02,0.01,0.01,0.09,6,2022-02-28,
2022022812,0.04,0.02,0.01,0.01,0.08,12,2022-02-28,
2022022818,0.04,0.02,0.01,0.01,0.08,18,2022-02-28,
2022030100,0.03,0.02,0.01,0.01,0.06,0,2022-03-01,
2022030106,0.03,0.02,0.01,0.01,0.07,6,2022-03-01,
2022030112,0.03,0.02,0.01,0.01,0.06,12,2022-03-01,
2022030118,0.04,0.03,0.01,0.01,0.09,18,2022-03-01,
2022030200,0.04,0.03,0.01,0.01,0.09,0,2022-03-02,
2022030206,0.04,0.03,0.02,0.01,0.09,6,2022-03-02,
2022030212,0.05,0.02,0.02,0.01,0.1,12,2022-03-02,
2022030218,0.08,0.03,0.02,0.02,0.15,18,2022-03-02,
2022030300,0.07,0.03,0.03,0.02,0.14,0,2022-03-03,
2022030306,0.09,0.02,0.03,0.02,0.15,6,2022-03-03,
2022030312,0.11,0.02,0.03,0.03,0.18,12,2022-03-03,
2022030318,0.11,0.01,0.03,0.03,0.18,18,2022-03-03,
2022030400,0.11,0.01,0.03,0.03,0.17,0,2022-03-04,
2022030406,0.1,0.01,0.03,0.03,0.16,6,2022-03-04,
2022030412,0.07,0.01,0.02,0.02,0.13,12,2022-03-04,
2022030418,0.04,0.02,0.02,0.01,0.1,18,2022-03-04,
2022030500,0.03,0.02,0.02,0.01,0.08,0,2022-03-05,
2022030506,0.04,0.02,0.02,0.01,0.09,6,2022-03-05,
2022030512,0.07,0.02,0.03,0.03,0.16,12,2022-03-05,
2022030518,0.09,0.02,0.04,0.03,0.18,18,2022-03-05,
2022030600,0.09,0.02,0.05,0.03,0.18,0,2022-03-06,
2022030606,0.11,0.05,0.06,0.05,0.27,6,2022-03-06,
2022030612,0.11,0.04,0.06,0.06,0.27,12,2022-03-06,
2022030618,0.14,0.03,0.07,0.06,0.3,18,2022-03-06,
2022030700,0.12,0.01,0.08,0.04,0.25,0,2022-03-07,
2022030706,0.11,0.01,0.07,0.05,0.25,6,2022-03-07,
2022030712,0.11,0.01,0.06,0.06,0.25,12,2022-03-07,
2022030718,0.15,0.01,0.05,0.06,0.28,18,2022-03-07,
2022030800,0.14,0.01,0.05,0.06,0.26,0,2022-03-08,
2022030806,0.16,0.01,0.06,0.06,0.3,6,2022-03-08,
2022030812,0.13,0.01,0.06,0.05,0.25,12,2022-03-08,
2022030818,0.15,0.01,0.05,0.04,0.25,18,2022-03-08,
2022030900,0.12,0.03,0.04,0.02,0.21,0,2022-03-09,
2022030906,0.1,0.02,0.03,0.02,0.16,6,2022-03-09,
2022030912,0.09,0.02,0.03,0.01,0.15,12,2022-03-09,
2022030918,0.15,0.02,0.04,0.02,0.24,18,2022-03-09,
2022031000,0.07,0.01,0.02,0.01,0.11,0,2022-03-10,
2022031006,0.06,0.01,0.01,0.01,0.1,6,2022-03-10,
2022031012,0.11,0.01,0.02,0.02,0.16,12,2022-03-10,
2022031018,0.19,0.01,0.04,0.05,0.29,18,2022-03-10,
2022031100,0.16,0.01,0.04,0.05,0.26,0,2022-03-11,
2022031106,0.14,0.01,0.04,0.05,0.23,6,2022-03-11,
2022031112,0.12,0.01,0.04,0.04,0.21,12,2022-03-11,
2022031118,0.14,0.01,0.04,0.03,0.22,18,2022-03-11,
2022031200,0.08,0.01,0.02,0.01,0.12,0,2022-03-12,
2022031206,0.04,0.01,0.02,0.01,0.08,6,2022-03-12,
2022031212,0.03,0.02,0.02,0.01,0.08,12,2022-03-12,
2022031218,0.02,0.01,0.02,0.01,0.06,18,2022-03-12,
2022031300,0.02,0.01,0.01,0.01,0.06,0,2022-03-13,
2022031306,0.02,0.01,0.02,0.01,0.06,6,2022-03-13,
2022031312,0.04,0.01,0.03,0.02,0.1,12,2022-03-13,
2022031318,0.05,0.01,0.04,0.04,0.14,18,2022-03-13,
2022031400,0.05,0.01,0.03,0.05,0.14,0,2022-03-14,
2022031406,0.05,0.01,0.02,0.06,0.14,6,2022-03-14,
2022031412,0.05,0.01,0.02,0.05,0.12,12,2022-03-14,
2022031418,0.04,0.01,0.01,0.04,0.1,18,2022-03-14,
2022031500,0.03,0.01,0.01,0.04,0.09,0,2022-03-15,
2022031506,0.04,0.01,0.01,0.03,0.09,6,2022-03-15,
2022031512,0.03,0.02,0.01,0.01,0.07,12,2022-03-15,
2022031518,0.03,0.03,0.01,0,0.07,18,2022-03-15,
2022031600,0.03,0.03,0.01,0,0.07,0,2022-03-16,
2022031606,0.03,0.04,0.01,0,0.08,6,2022-03-16,
2022031612,0.03,0.04,0.01,0.01,0.09,12,2022-03-16,
2022031618,0.02,0.02,0.01,0,0.06,18,2022-03-16,
2022031700,0.03,0.02,0.01,0,0.06,0,2022-03-17,
2022031706,0.04,0.02,0.02,0.01,0.08,6,2022-03-17,
2022031712,0.08,0.01,0.04,0.03,0.16,12,2022-03-17,
2022031718,0.13,0.01,0.05,0.06,0.25,18,2022-03-17,
2022031800,0.05,0.01,0.03,0.02,0.11,0,2022-03-18,
2022031806,0.07,0.01,0.03,0.03,0.14,6,2022-03-18,
2022031812,0.06,0.01,0.02,0.02,0.11,12,2022-03-18,
2022031818,0.05,0.03,0.02,0.01,0.11,18,2022-03-18,
2022031900,0.04,0.02,0.03,0.01,0.1,0,2022-03-19,
2022031906,0.05,0.02,0.03,0.01,0.11,6,2022-03-19,
2022031912,0.05,0.02,0.03,0.01,0.11,12,2022-03-19,
2022031918,0.08,0.05,0.04,0.01,0.18,18,2022-03-19,
2022032000,0.06,0.04,0.03,0.01,0.14,0,2022-03-20,
2022032006,0.05,0.03,0.03,0.01,0.11,6,2022-03-20,
2022032012,0.05,0.03,0.03,0.01,0.12,12,2022-03-20,
2022032018,0.08,0.03,0.06,0.02,0.18,18,2022-03-20,
2022032100,0.08,0.01,0.07,0.04,0.2,0,2022-03-21,
2022032106,0.13,0.01,0.07,0.09,0.3,6,2022-03-21,
2022032112,0.11,0.01,0.07,0.08,0.28,12,2022-03-21,
2022032118,0.1,0.02,0.06,0.07,0.25,18,2022-03-21,
2022032200,0.08,0.02,0.07,0.05,0.2,0,2022-03-22,
2022032206,0.16,0.02,0.15,0.09,0.42,6,2022-03-22,
2022032212,0.07,0.02,0.06,0.04,0.19,12,2022-03-22,
2022032218,0.04,0.03,0.01,0.01,0.09,18,2022-03-22,
2022032300,0.03,0.03,0.01,0,0.08,0,2022-03-23,
2022032306,0.03,0.01,0.01,0.01,0.06,6,2022-03-23,
2022032312,0.04,0.02,0.01,0.01,0.07,12,2022-03-23,
2022032318,0.05,0.03,0.01,0.01,0.1,18,2022-03-23,
2022032400,0.04,0.02,0.01,0.01,0.08,0,2022-03-24,
2022032406,0.03,0.02,0.01,0.01,0.06,6,2022-03-24,
2022032412,0.03,0.02,0.01,0.01,0.07,12,2022-03-24,
2022032418,0.04,0.02,0.01,0.01,0.08,18,2022-03-24,
2022032500,0.04,0.02,0.01,0.01,0.08,0,2022-03-25,
2022032506,0.04,0.02,0.01,0.01,0.07,6,2022-03-25,
2022032512,0.03,0.01,0.01,0.01,0.06,12,2022-03-25,
2022032518,0.05,0.02,0.02,0.01,0.1,18,2022-03-25,
2022032600,0.05,0.02,0.02,0.01,0.09,0,2022-03-26,
2022032606,0.05,0.03,0.02,0.01,0.11,6,2022-03-26,
2022032612,0.05,0.03,0.02,0.01,0.11,12,2022-03-26,
2022032618,0.05,0.03,0.02,0.01,0.11,18,2022-03-26,
2022032700,0.04,0.03,0.02,0.01,0.09,0,2022-03-27,
2022032706,0.04,0.02,0.01,0.01,0.08,6,2022-03-27,
2022032712,0.04,0.02,0.01,0.01,0.09,12,2022-03-27,
2022032718,0.05,0.03,0.02,0.01,0.12,18,2022-03-27,
2022032800,0.05,0.04,0.02,0.01,0.11,0,2022-03-28,
2022032806,0.04,0.04,0.02,0.01,0.11,6,2022-03-28,
2022032812,0.04,0.04,0.02,0.02,0.12,12,2022-03-28,
2022032818,0.04,0.04,0.03,0.02,0.13,18,2022-03-28,
2022032900,0.04,0.03,0.03,0.02,0.13,0,2022-03-29,
2022032906,0.07,0.03,0.05,0.04,0.19,6,2022-03-29,
2022032912,0.11,0.02,0.09,0.06,0.27,12,2022-03-29,
2022032918,0.09,0.02,0.09,0.04,0.24,18,2022-03-29,
2022033000,0.08,0.01,0.08,0.04,0.21,0,2022-03-30,
2022033006,0.09,0.01,0.07,0.07,0.24,6,2022-03-30,
2022033012,0.1,0.01,0.06,0.09,0.26,12,2022-03-30,
2022033018,0.05,0.02,0.04,0.02,0.12,18,2022-03-30,
2022033100,0.02,0.02,0.01,0.01,0.07,0,2022-03-31,
2022033106,0.02,0.02,0.01,0.01,0.07,6,2022-03-31,
2022033112,0.04,0.02,0.02,0.01,0.09,12,2022-03-31,
2022033118,0.06,0.03,0.04,0.02,0.14,18,2022-03-31,
2022040100,0.04,0.02,0.03,0.01,0.1,0,2022-04-01,
2022040106,0.06,0.02,0.04,0.02,0.13,6,2022-04-01,
2022040112,0.07,0.02,0.05,0.02,0.15,12,2022-04-01,
2022040118,0.09,0.02,0.07,0.03,0.22,18,2022-04-01,
2022040200,0.08,0.01,0.07,0.04,0.2,0,2022-04-02,
2022040206,0.1,0.01,0.06,0.06,0.23,6,2022-04-02,
2022040212,0.1,0.01,0.05,0.06,0.22,12,2022-04-02,
2022040218,0.13,0.02,0.07,0.06,0.28,18,2022-04-02,
2022040300,0.07,0.01,0.05,0.03,0.17,0,2022-04-03,
2022040306,0.1,0.02,0.04,0.04,0.19,6,2022-04-03,
2022040312,0.1,0.02,0.04,0.03,0.19,12,2022-04-03,
2022040318,0.09,0.02,0.05,0.03,0.17,18,2022-04-03,
2022040400,0.1,0.01,0.06,0.04,0.21,0,2022-04-04,
2022040406,0.14,0.01,0.09,0.05,0.3,6,2022-04-04,
2022040412,0.16,0.01,0.12,0.04,0.34,12,2022-04-04,
2022040418,0.14,0.01,0.11,0.03,0.29,18,2022-04-04,
2022040500,0.12,0.01,0.11,0.02,0.26,0,2022-04-05,
2022040506,0.18,0.01,0.15,0.04,0.38,6,2022-04-05,
2022040512,0.12,0.01,0.14,0.03,0.3,12,2022-04-05,
2022040518,0.12,0.01,0.15,0.02,0.3,18,2022-04-05,
2022040600,0.07,0.01,0.1,0.01,0.2,0,2022-04-06,
2022040606,0.08,0.01,0.09,0.01,0.2,6,2022-04-06,
2022040612,0.08,0.01,0.07,0.01,0.18,12,2022-04-06,
2022040618,0.11,0.01,0.11,0.01,0.24,18,2022-04-06,
2022040700,0.05,0.03,0.03,0.01,0.11,0,2022-04-07,
2022040706,0.03,0.04,0.02,0.01,0.1,6,2022-04-07,
2022040712,0.02,0.02,0.01,0.01,0.07,12,2022-04-07,
2022040718,0.02,0.01,0.01,0.01,0.06,18,2022-04-07,
2022040800,0.03,0.01,0.01,0.01,0.07,0,2022-04-08,
2022040806,0.04,0.02,0.02,0.02,0.09,6,2022-04-08,
2022040812,0.05,0.02,0.02,0.02,0.11,12,2022-04-08,
2022040818,0.05,0.02,0.02,0.02,0.11,18,2022-04-08,
2022040900,0.05,0.02,0.03,0.02,0.12,0,2022-04-09,
2022040906,0.05,0.02,0.02,0.02,0.11,6,2022-04-09,
2022040912,0.05,0.02,0.02,0.02,0.11,12,2022-04-09,
2022040918,0.05,0.02,0.03,0.02,0.12,18,2022-04-09,
2022041000,0.05,0.02,0.03,0.02,0.12,0,2022-04-10,
2022041006,0.07,0.02,0.06,0.03,0.18,6,2022-04-10,
2022041012,0.08,0.02,0.08,0.05,0.22,12,2022-04-10,
2022041018,0.08,0.02,0.08,0.05,0.23,18,2022-04-10,
2022041100,0.09,0.02,0.08,0.06,0.24,0,2022-04-11,
2022041106,0.1,0.02,0.09,0.06,0.26,6,2022-04-11,
2022041112,0.12,0.02,0.1,0.06,0.3,12,2022-04-11,
2022041118,0.11,0.02,0.1,0.06,0.29,18,2022-04-11,
2022041200,0.09,0.02,0.09,0.04,0.24,0,2022-04-12,
2022041206,0.11,0.01,0.1,0.07,0.29,6,2022-04-12,
2022041212,0.11,0.01,0.08,0.06,0.26,12,2022-04-12,
2022041218,0.08,0.01,0.06,0.03,0.18,18,2022-04-12,
2022041300,0.08,0.02,0.06,0.03,0.19,0,2022-04-13,
2022041306,0.11,0.02,0.06,0.06,0.25,6,2022-04-13,
2022041312,0.1,0.02,0.05,0.06,0.23,12,2022-04-13,
2022041318,0.06,0.01,0.05,0.03,0.16,18,2022-04-13,
2022041400,0.05,0.01,0.03,0.02,0.11,0,2022-04-14,
2022041406,0.05,0.01,0.03,0.03,0.12,6,2022-04-14,
2022041412,0.06,0.01,0.03,0.04,0.15,12,2022-04-14,
2022041418,0.12,0.02,0.07,0.09,0.29,18,2022-04-14,
2022041500,0.11,0.01,0.05,0.09,0.26,0,2022-04-15,
2022041506,0.13,0.01,0.06,0.1,0.3,6,2022-04-15,
2022041512,0.19,0.01,0.1,0.1,0.4,12,2022-04-15,
2022041518,0.21,0.01,0.13,0.07,0.42,18,2022-04-15,
2022041600,0.13,0.01,0.1,0.05,0.29,0,2022-04-16,
2022041606,0.11,0.01,0.1,0.05,0.27,6,2022-04-16,
2022041612,0.15,0.01,0.14,0.05,0.35,12,2022-04-16,
2022041618,0.14,0.01,0.14,0.05,0.34,18,2022-04-16,
2022041700,0.12,0.01,0.11,0.04,0.29,0,2022-04-17,
2022041706,0.11,0.01,0.1,0.05,0.28,6,2022-04-17,
2022041712,0.12,0.02,0.12,0.05,0.31,12,2022-04-17,
2022041718,0.12,0.02,0.12,0.04,0.29,18,2022-04-17,
2022041800,0.1,0.02,0.09,0.03,0.23,0,2022-04-18,
2022041806,0.11,0.03,0.08,0.03,0.26,6,2022-04-18,
2022041812,0.12,0.03,0.07,0.04,0.26,12,2022-04-18,
2022041818,0.09,0.03,0.05,0.02,0.18,18,2022-04-18,
2022041900,0.1,0.03,0.04,0.02,0.19,0,2022-04-19,
2022041906,0.14,0.02,0.05,0.04,0.24,6,2022-04-19,
2022041912,0.17,0.02,0.05,0.05,0.3,12,2022-04-19,
2022041918,0.2,0.02,0.05,0.07,0.35,18,2022-04-19,
2022042000,0.14,0.01,0.04,0.07,0.27,0,2022-04-20,
2022042006,0.12,0.01,0.04,0.07,0.24,6,2022-04-20,
2022042012,0.12,0.01,0.05,0.07,0.25,12,2022-04-20,
2022042018,0.12,0.01,0.05,0.06,0.25,18,2022-04-20,
2022042100,0.09,0.01,0.07,0.04,0.21,0,2022-04-21,
2022042106,0.08,0.01,0.14,0.05,0.28,6,2022-04-21,
2022042112,0.11,0.01,0.23,0.06,0.41,12,2022-04-21,
2022042118,0.14,0.01,0.26,0.06,0.47,18,2022-04-21,
2022042200,0.15,0.02,0.22,0.05,0.44,0,2022-04-22,
2022042206,0.15,0.02,0.18,0.06,0.41,6,2022-04-22,
2022042212,0.13,0.02,0.12,0.06,0.32,12,2022-04-22,
2022042218,0.08,0.02,0.07,0.04,0.2,18,2022-04-22,
2022042300,0.08,0.02,0.03,0.06,0.19,0,2022-04-23,
2022042306,0.09,0.02,0.03,0.08,0.22,6,2022-04-23,
2022042312,0.08,0.01,0.04,0.08,0.22,12,2022-04-23,
2022042318,0.07,0.01,0.05,0.07,0.21,18,2022-04-23,
2022042400,0.06,0.02,0.05,0.05,0.18,0,2022-04-24,
2022042406,0.08,0.02,0.07,0.07,0.24,6,2022-04-24,
2022042412,0.09,0.01,0.09,0.08,0.27,12,2022-04-24,
2022042418,0.06,0.01,0.06,0.04,0.17,18,2022-04-24,
2022042500,0.06,0.01,0.08,0.05,0.2,0,2022-04-25,
2022042506,0.08,0.01,0.1,0.06,0.25,6,2022-04-25,
2022042512,0.08,0.01,0.07,0.06,0.22,12,2022-04-25,
2022042518,0.11,0.02,0.07,0.08,0.28,18,2022-04-25,
2022042600,0.1,0.01,0.06,0.1,0.27,0,2022-04-26,
2022042606,0.16,0.01,0.08,0.11,0.36,6,2022-04-26,
2022042612,0.15,0.01,0.08,0.09,0.34,12,2022-04-26,
2022042618,0.19,0.02,0.07,0.1,0.37,18,2022-04-26,
2022042700,0.13,0.01,0.05,0.07,0.27,0,2022-04-27,
2022042706,0.13,0.01,0.04,0.07,0.25,6,2022-04-27,
2022042712,0.1,0.02,0.03,0.05,0.19,12,2022-04-27,
2022042718,0.09,0.01,0.02,0.05,0.17,18,2022-04-27,
2022042800,0.06,0.01,0.02,0.03,0.12,0,2022-04-28,
2022042806,0.07,0.01,0.02,0.04,0.14,6,2022-04-28,
2022042812,0.06,0.01,0.02,0.04,0.13,12,2022-04-28,
2022042818,0.06,0.02,0.02,0.04,0.14,18,2022-04-28,
2022042900,0.05,0.02,0.02,0.03,0.13,0,2022-04-29,
2022042906,0.07,0.02,0.03,0.05,0.17,6,2022-04-29,
2022042912,0.06,0.02,0.03,0.04,0.16,12,2022-04-29,
2022042918,0.07,0.02,0.03,0.05,0.17,18,2022-04-29,
2022043000,0.07,0.02,0.04,0.04,0.18,0,2022-04-30,
2022043006,0.08,0.02,0.06,0.04,0.2,6,2022-04-30,
2022043012,0.1,0.02,0.06,0.04,0.22,12,2022-04-30,
2022043018,0.1,0.02,0.06,0.03,0.22,18,2022-04-30,
2022050100,0.1,0.02,0.06,0.03,0.21,0,2022-05-01,
2022050106,0.11,0.02,0.06,0.04,0.23,6,2022-05-01,
2022050112,0.21,0.01,0.08,0.05,0.36,12,2022-05-01,
2022050118,0.13,0.01,0.06,0.03,0.24,18,2022-05-01,
2022050200,0.1,0.01,0.07,0.03,0.22,0,2022-05-02,
2022050206,0.18,0.02,0.11,0.05,0.36,6,2022-05-02,
2022050212,0.11,0.01,0.09,0.03,0.25,12,2022-05-02,
2022050218,0.15,0.01,0.1,0.05,0.31,18,2022-05-02,
2022050300,0.16,0.01,0.11,0.07,0.35,0,2022-05-03,
2022050306,0.14,0.01,0.09,0.06,0.3,6,2022-05-03,
2022050312,0.12,0.01,0.08,0.05,0.26,12,2022-05-03,
2022050318,0.09,0.01,0.08,0.03,0.21,18,2022-05-03,
2022050400,0.1,0.01,0.08,0.04,0.24,0,2022-05-04,
2022050406,0.14,0.01,0.12,0.05,0.32,6,2022-05-04,
2022050412,0.11,0.01,0.15,0.03,0.31,12,2022-05-04,
2022050418,0.1,0.01,0.12,0.03,0.26,18,2022-05-04,
2022050500,0.11,0.01,0.13,0.04,0.29,0,2022-05-05,
2022050506,0.17,0.01,0.21,0.06,0.46,6,2022-05-05,
2022050512,0.18,0.01,0.24,0.07,0.49,12,2022-05-05,
2022050518,0.14,0.02,0.2,0.05,0.41,18,2022-05-05,
2022050600,0.1,0.01,0.13,0.03,0.27,0,2022-05-06,
2022050606,0.12,0.01,0.15,0.03,0.31,6,2022-05-06,
2022050612,0.16,0.02,0.2,0.04,0.41,12,2022-05-06,
2022050618,0.15,0.02,0.22,0.04,0.43,18,2022-05-06,
2022050700,0.11,0.02,0.18,0.02,0.33,0,2022-05-07,
2022050706,0.11,0.02,0.15,0.02,0.31,6,2022-05-07,
2022050712,0.11,0.02,0.16,0.02,0.31,12,2022-05-07,
2022050718,0.12,0.02,0.2,0.02,0.36,18,2022-05-07,
2022050800,0.08,0.02,0.16,0.01,0.27,0,2022-05-08,
2022050806,0.1,0.02,0.14,0.02,0.27,6,2022-05-08,
2022050812,0.1,0.02,0.15,0.02,0.28,12,2022-05-08,
2022050818,0.1,0.02,0.17,0.02,0.3,18,2022-05-08,
2022050900,0.11,0.01,0.2,0.02,0.34,0,2022-05-09,
2022050906,0.14,0.01,0.26,0.04,0.46,6,2022-05-09,
2022050912,0.11,0.01,0.24,0.03,0.4,12,2022-05-09,
2022050918,0.11,0.01,0.24,0.03,0.39,18,2022-05-09,
2022051000,0.12,0.01,0.25,0.03,0.42,0,2022-05-10,
2022051006,0.14,0.01,0.28,0.05,0.49,6,2022-05-10,
2022051012,0.13,0.01,0.22,0.05,0.41,12,2022-05-10,
2022051018,0.1,0.02,0.14,0.04,0.29,18,2022-05-10,
2022051100,0.07,0.02,0.08,0.03,0.2,0,2022-05-11,
2022051106,0.08,0.02,0.07,0.04,0.21,6,2022-05-11,
2022051112,0.08,0.02,0.07,0.04,0.21,12,2022-05-11,
2022051118,0.06,0.02,0.07,0.02,0.17,18,2022-05-11,
2022051200,0.08,0.02,0.07,0.02,0.18,0,2022-05-12,
2022051206,0.09,0.02,0.06,0.03,0.19,6,2022-05-12,
2022051212,0.08,0.02,0.06,0.03,0.18,12,2022-05-12,
2022051218,0.08,0.02,0.05,0.02,0.16,18,2022-05-12,
2022051300,0.05,0.01,0.04,0.01,0.12,0,2022-05-13,
2022051306,0.06,0.01,0.04,0.02,0.13,6,2022-05-13,
2022051312,0.04,0.01,0.04,0.01,0.1,12,2022-05-13,
2022051318,0.07,0.02,0.06,0.02,0.18,18,2022-05-13,
2022051400,0.06,0.02,0.07,0.02,0.18,0,2022-05-14,
2022051406,0.07,0.01,0.08,0.03,0.19,6,2022-05-14,
2022051412,0.06,0.02,0.07,0.02,0.17,12,2022-05-14,
2022051418,0.08,0.03,0.09,0.02,0.22,18,2022-05-14,
2022051500,0.06,0.03,0.07,0.02,0.17,0,2022-05-15,
2022051506,0.08,0.02,0.07,0.02,0.19,6,2022-05-15,
2022051512,0.07,0.02,0.07,0.01,0.18,12,2022-05-15,
2022051518,0.11,0.05,0.14,0.02,0.33,18,2022-05-15,
2022051600,0.08,0.04,0.12,0.02,0.26,0,2022-05-16,
2022051606,0.09,0.03,0.11,0.02,0.24,6,2022-05-16,
2022051612,0.08,0.03,0.11,0.02,0.23,12,2022-05-16,
2022051618,0.06,0.02,0.1,0.01,0.19,18,2022-05-16,
2022051700,0.07,0.02,0.1,0.01,0.2,0,2022-05-17,
2022051706,0.08,0.02,0.09,0.02,0.21,6,2022-05-17,
2022051712,0.07,0.02,0.09,0.01,0.19,12,2022-05-17,
2022051718,0.06,0.01,0.08,0.01,0.17,18,2022-05-17,
2022051800,0.05,0.01,0.06,0.01,0.14,0,2022-05-18,
2022051806,0.08,0.01,0.07,0.02,0.19,6,2022-05-18,
2022051812,0.07,0.02,0.07,0.02,0.18,12,2022-05-18,
2022051818,0.09,0.02,0.11,0.02,0.25,18,2022-05-18,
2022051900,0.09,0.02,0.11,0.02,0.24,0,2022-05-19,
2022051906,0.1,0.02,0.12,0.03,0.27,6,2022-05-19,
2022051912,0.1,0.02,0.15,0.02,0.29,12,2022-05-19,
2022051918,0.1,0.02,0.17,0.02,0.31,18,2022-05-19,
2022052000,0.1,0.02,0.18,0.02,0.33,0,2022-05-20,
2022052006,0.13,0.02,0.24,0.03,0.42,6,2022-05-20,
2022052012,0.13,0.03,0.29,0.03,0.47,12,2022-05-20,
2022052018,0.15,0.02,0.31,0.03,0.51,18,2022-05-20,
2022052100,0.16,0.03,0.32,0.03,0.54,0,2022-05-21,
2022052106,0.16,0.02,0.33,0.04,0.55,6,2022-05-21,
2022052112,0.13,0.02,0.27,0.03,0.45,12,2022-05-21,
2022052118,0.14,0.02,0.28,0.03,0.47,18,2022-05-21,
2022052200,0.15,0.02,0.34,0.03,0.54,0,2022-05-22,
2022052206,0.16,0.03,0.38,0.04,0.62,6,2022-05-22,
2022052212,0.14,0.04,0.28,0.05,0.51,12,2022-05-22,
2022052218,0.17,0.05,0.22,0.05,0.48,18,2022-05-22,
2022052300,0.1,0.05,0.15,0.03,0.33,0,2022-05-23,
2022052306,0.13,0.04,0.14,0.05,0.36,6,2022-05-23,
2022052312,0.11,0.05,0.12,0.04,0.31,12,2022-05-23,
2022052318,0.11,0.04,0.09,0.03,0.28,18,2022-05-23,
2022052400,0.12,0.04,0.13,0.04,0.33,0,2022-05-24,
2022052406,0.14,0.04,0.16,0.05,0.38,6,2022-05-24,
2022052412,0.1,0.05,0.19,0.03,0.37,12,2022-05-24,
2022052418,0.11,0.06,0.17,0.03,0.36,18,2022-05-24,
2022052500,0.1,0.09,0.16,0.03,0.39,0,2022-05-25,
2022052506,0.14,0.07,0.19,0.05,0.44,6,2022-05-25,
2022052512,0.09,0.06,0.1,0.03,0.27,12,2022-05-25,
2022052518,0.09,0.05,0.08,0.03,0.26,18,2022-05-25,
2022052600,0.14,0.05,0.11,0.03,0.33,0,2022-05-26,
2022052606,0.11,0.03,0.07,0.02,0.24,6,2022-05-26,
2022052612,0.08,0.03,0.05,0.01,0.18,12,2022-05-26,
2022052618,0.05,0.02,0.05,0.01,0.13,18,2022-05-26,
2022052700,0.05,0.02,0.07,0.01,0.16,0,2022-05-27,
2022052706,0.06,0.03,0.07,0.01,0.18,6,2022-05-27,
2022052712,0.07,0.03,0.06,0.02,0.18,12,2022-05-27,
2022052718,0.05,0.04,0.05,0.01,0.15,18,2022-05-27,
2022052800,0.05,0.03,0.05,0.01,0.15,0,2022-05-28,
2022052806,0.06,0.03,0.04,0.01,0.15,6,2022-05-28,
2022052812,0.09,0.04,0.05,0.02,0.19,12,2022-05-28,
2022052818,0.06,0.03,0.04,0.01,0.15,18,2022-05-28,
2022052900,0.05,0.04,0.04,0.01,0.13,0,2022-05-29,
2022052906,0.06,0.04,0.04,0.02,0.15,6,2022-05-29,
2022052912,0.07,0.04,0.05,0.03,0.18,12,2022-05-29,
2022052918,0.05,0.04,0.03,0.02,0.15,18,2022-05-29,
2022053000,0.05,0.04,0.03,0.02,0.14,0,2022-05-30,
2022053006,0.07,0.04,0.03,0.04,0.17,6,2022-05-30,
2022053012,0.08,0.03,0.04,0.06,0.21,12,2022-05-30,
2022053018,0.06,0.03,0.04,0.03,0.16,18,2022-05-30,
2022053100,0.06,0.03,0.03,0.03,0.15,0,2022-05-31,
2022053106,0.08,0.03,0.03,0.04,0.19,6,2022-05-31,
2022053112,0.08,0.03,0.02,0.05,0.18,12,2022-05-31,
2022053118,0.07,0.04,0.02,0.04,0.16,18,2022-05-31,
2022060100,0.05,0.03,0.01,0.03,0.13,0,2022-06-01,
2022060106,0.06,0.03,0.01,0.05,0.14,6,2022-06-01,
2022060112,0.07,0.02,0.01,0.05,0.15,12,2022-06-01,
2022060118,0.08,0.04,0.01,0.05,0.18,18,2022-06-01,
2022060200,0.05,0.04,0.01,0.03,0.13,0,2022-06-02,
2022060206,0.04,0.03,0.01,0.02,0.11,6,2022-06-02,
2022060212,0.04,0.03,0.01,0.02,0.1,12,2022-06-02,
2022060218,0.03,0.02,0.01,0.01,0.08,18,2022-06-02,
2022060300,0.03,0.02,0.01,0.01,0.07,0,2022-06-03,
2022060306,0.03,0.02,0.02,0.01,0.08,6,2022-06-03,
2022060312,0.05,0.02,0.03,0.01,0.1,12,2022-06-03,
2022060318,0.06,0.02,0.03,0.01,0.12,18,2022-06-03,
2022060400,0.07,0.02,0.03,0.01,0.12,0,2022-06-04,
2022060406,0.09,0.02,0.03,0.01,0.16,6,2022-06-04,
2022060412,0.12,0.02,0.03,0.01,0.18,12,2022-06-04,
2022060418,0.07,0.02,0.02,0.01,0.12,18,2022-06-04,
2022060500,0.07,0.03,0.03,0.01,0.13,0,2022-06-05,
2022060506,0.07,0.03,0.02,0.01,0.13,6,2022-06-05,
2022060512,0.06,0.03,0.02,0.01,0.12,12,2022-06-05,
2022060518,0.09,0.05,0.04,0.01,0.19,18,2022-06-05,
2022060600,0.07,0.05,0.04,0.01,0.17,0,2022-06-06,
2022060606,0.07,0.06,0.04,0.02,0.19,6,2022-06-06,
2022060612,0.07,0.05,0.04,0.02,0.17,12,2022-06-06,
2022060618,0.06,0.06,0.04,0.02,0.18,18,2022-06-06,
2022060700,0.05,0.06,0.03,0.02,0.16,0,2022-06-07,
2022060706,0.07,0.05,0.03,0.03,0.18,6,2022-06-07,
2022060712,0.07,0.05,0.03,0.02,0.17,12,2022-06-07,
2022060718,0.09,0.06,0.04,0.02,0.21,18,2022-06-07,
2022060800,0.09,0.05,0.04,0.02,0.21,0,2022-06-08,
2022060806,0.12,0.05,0.04,0.03,0.23,6,2022-06-08,
2022060812,0.11,0.04,0.03,0.02,0.21,12,2022-06-08,
2022060818,0.13,0.04,0.04,0.02,0.23,18,2022-06-08,
2022060900,0.09,0.04,0.03,0.02,0.17,0,2022-06-09,
2022060906,0.11,0.03,0.03,0.02,0.19,6,2022-06-09,
2022060912,0.11,0.03,0.03,0.03,0.2,12,2022-06-09,
2022060918,0.09,0.03,0.03,0.02,0.17,18,2022-06-09,
2022061000,0.07,0.03,0.02,0.02,0.14,0,2022-06-10,
2022061006,0.07,0.03,0.02,0.02,0.14,6,2022-06-10,
2022061012,0.07,0.03,0.02,0.02,0.14,12,2022-06-10,
2022061018,0.08,0.05,0.03,0.02,0.18,18,2022-06-10,
2022061100,0.06,0.04,0.03,0.02,0.15,0,2022-06-11,
2022061106,0.06,0.04,0.02,0.02,0.14,6,2022-06-11,
2022061112,0.06,0.04,0.02,0.02,0.14,12,2022-06-11,
2022061118,0.03,0.03,0.01,0.01,0.08,18,2022-06-11,
2022061200,0.04,0.04,0.02,0.01,0.11,0,2022-06-12,
2022061206,0.07,0.07,0.02,0.02,0.18,6,2022-06-12,
2022061212,0.12,0.08,0.04,0.03,0.26,12,2022-06-12,
2022061218,0.1,0.1,0.04,0.02,0.27,18,2022-06-12,
2022061300,0.1,0.12,0.04,0.02,0.28,0,2022-06-13,
2022061306,0.12,0.1,0.03,0.03,0.29,6,2022-06-13,
2022061312,0.09,0.08,0.03,0.02,0.22,12,2022-06-13,
2022061318,0.12,0.12,0.04,0.03,0.3,18,2022-06-13,
2022061400,0.1,0.12,0.03,0.03,0.28,0,2022-06-14,
2022061406,0.14,0.15,0.04,0.03,0.36,6,2022-06-14,
2022061412,0.13,0.18,0.05,0.03,0.39,12,2022-06-14,
2022061418,0.12,0.17,0.04,0.03,0.36,18,2022-06-14,
2022061500,0.13,0.14,0.03,0.04,0.34,0,2022-06-15,
2022061506,0.11,0.12,0.03,0.05,0.31,6,2022-06-15,
2022061512,0.1,0.12,0.02,0.05,0.29,12,2022-06-15,
2022061518,0.1,0.17,0.02,0.04,0.33,18,2022-06-15,
2022061600,0.09,0.18,0.02,0.03,0.32,0,2022-06-16,
2022061606,0.12,0.19,0.03,0.04,0.39,6,2022-06-16,
2022061612,0.11,0.21,0.03,0.03,0.38,12,2022-06-16,
2022061618,0.13,0.23,0.04,0.03,0.43,18,2022-06-16,
2022061700,0.12,0.2,0.03,0.02,0.37,0,2022-06-17,
2022061706,0.11,0.15,0.03,0.02,0.3,6,2022-06-17,
2022061712,0.13,0.12,0.03,0.02,0.3,12,2022-06-17,
2022061718,0.08,0.07,0.02,0.01,0.18,18,2022-06-17,
2022061800,0.05,0.06,0.01,0.01,0.13,0,2022-06-18,
2022061806,0.07,0.05,0.01,0.01,0.15,6,2022-06-18,
2022061812,0.1,0.05,0.01,0.02,0.18,12,2022-06-18,
2022061818,0.08,0.04,0.01,0.02,0.15,18,2022-06-18,
2022061900,0.05,0.04,0.01,0.01,0.11,0,2022-06-19,
2022061906,0.06,0.03,0.01,0.01,0.11,6,2022-06-19,
2022061912,0.07,0.03,0.01,0.01,0.12,12,2022-06-19,
2022061918,0.04,0.02,0.01,0.01,0.07,18,2022-06-19,
2022062000,0.04,0.02,0.01,0,0.08,0,2022-06-20,
2022062006,0.06,0.02,0.01,0,0.1,6,2022-06-20,
2022062012,0.09,0.02,0.02,0.01,0.14,12,2022-06-20,
2022062018,0.08,0.02,0.02,0,0.13,18,2022-06-20,
2022062100,0.08,0.02,0.02,0,0.13,0,2022-06-21,
2022062106,0.12,0.02,0.03,0,0.17,6,2022-06-21,
2022062112,0.13,0.01,0.03,0.01,0.19,12,2022-06-21,
2022062118,0.09,0.03,0.02,0.01,0.14,18,2022-06-21,
2022062200,0.07,0.05,0.02,0.02,0.15,0,2022-06-22,
2022062206,0.05,0.07,0.01,0.03,0.16,6,2022-06-22,
2022062212,0.06,0.08,0.01,0.03,0.19,12,2022-06-22,
2022062218,0.04,0.08,0.01,0.01,0.15,18,2022-06-22,
2022062300,0.04,0.08,0.01,0.01,0.14,0,2022-06-23,
2022062306,0.05,0.07,0.01,0.01,0.15,6,2022-06-23,
2022062312,0.07,0.06,0.02,0.01,0.16,12,2022-06-23,
2022062318,0.05,0.04,0.01,0.01,0.11,18,2022-06-23,
2022062400,0.05,0.04,0.02,0,0.1,0,2022-06-24,
2022062406,0.06,0.03,0.02,0.01,0.11,6,2022-06-24,
2022062412,0.08,0.03,0.02,0.01,0.13,12,2022-06-24,
2022062418,0.08,0.03,0.02,0.01,0.13,18,2022-06-24,
2022062500,0.06,0.02,0.02,0,0.11,0,2022-06-25,
2022062506,0.11,0.02,0.02,0.01,0.16,6,2022-06-25,
2022062512,0.1,0.02,0.02,0.01,0.15,12,2022-06-25,
2022062518,0.05,0.01,0.01,0,0.08,18,2022-06-25,
2022062600,0.04,0.01,0.01,0,0.07,0,2022-06-26,
2022062606,0.05,0.01,0.01,0.01,0.08,6,2022-06-26,
2022062612,0.06,0.01,0.01,0.01,0.09,12,2022-06-26,
2022062618,0.05,0.02,0.02,0.01,0.09,18,2022-06-26,
2022062700,0.05,0.02,0.02,0.01,0.09,0,2022-06-27,
2022062706,0.05,0.02,0.02,0.01,0.09,6,2022-06-27,
2022062712,0.07,0.02,0.02,0.01,0.11,12,2022-06-27,
2022062718,0.07,0.02,0.02,0.01,0.11,18,2022-06-27,
2022062800,0.11,0.02,0.02,0,0.15,0,2022-06-28,
2022062806,0.21,0.02,0.03,0.01,0.26,6,2022-06-28,
2022062812,0.22,0.02,0.04,0.01,0.28,12,2022-06-28,
2022062818,0.25,0.01,0.04,0.01,0.31,18,2022-06-28,
2022062900,0.24,0.01,0.04,0.01,0.3,0,2022-06-29,
2022062906,0.16,0.01,0.03,0.01,0.22,6,2022-06-29,
2022062912,0.17,0.01,0.03,0.01,0.22,12,2022-06-29,
2022062918,0.17,0.01,0.03,0,0.21,18,2022-06-29,
2022063000,0.13,0.01,0.02,0,0.17,0,2022-06-30,
2022063006,0.13,0.01,0.02,0.01,0.18,6,2022-06-30,
2022063012,0.12,0.01,0.02,0.02,0.17,12,2022-06-30,
2022063018,0.07,0.01,0.01,0.01,0.1,18,2022-06-30,
2022070100,0.08,0.01,0.01,0.01,0.11,0,2022-07-01,
2022070106,0.09,0.01,0.01,0.01,0.12,6,2022-07-01,
2022070112,0.11,0.01,0.02,0.01,0.14,12,2022-07-01,
2022070118,0.14,0.01,0.03,0.02,0.2,18,2022-07-01,
2022070200,0.12,0.02,0.02,0.02,0.17,0,2022-07-02,
2022070206,0.11,0.02,0.02,0.02,0.18,6,2022-07-02,
2022070212,0.1,0.02,0.02,0.02,0.17,12,2022-07-02,
2022070218,0.05,0.02,0.01,0.01,0.09,18,2022-07-02,
2022070300,0.04,0.02,0.01,0.01,0.09,0,2022-07-03,
2022070306,0.04,0.02,0.01,0.02,0.1,6,2022-07-03,
2022070312,0.05,0.03,0.01,0.02,0.1,12,2022-07-03,
2022070318,0.06,0.03,0.01,0.03,0.13,18,2022-07-03,
2022070400,0.04,0.03,0.01,0.02,0.11,0,2022-07-04,
2022070406,0.05,0.03,0.01,0.03,0.13,6,2022-07-04,
2022070412,0.07,0.04,0.01,0.04,0.16,12,2022-07-04,
2022070418,0.06,0.04,0.01,0.03,0.13,18,2022-07-04,
2022070500,0.05,0.04,0.01,0.02,0.11,0,2022-07-05,
2022070506,0.07,0.04,0.01,0.03,0.14,6,2022-07-05,
2022070512,0.07,0.04,0.01,0.03,0.16,12,2022-07-05,
2022070518,0.07,0.04,0.01,0.02,0.14,18,2022-07-05,
2022070600,0.04,0.04,0.01,0.02,0.11,0,2022-07-06,
2022070606,0.05,0.03,0.01,0.02,0.11,6,2022-07-06,
2022070612,0.04,0.03,0.01,0.02,0.1,12,2022-07-06,
2022070618,0.05,0.03,0.01,0.02,0.11,18,2022-07-06,
2022070700,0.03,0.03,0.01,0.01,0.08,0,2022-07-07,daily
2022070706,0.03,0.02,0.01,0.01,0.07,6,2022-07-07,
2022070712,0.03,0.02,0,0.01,0.07,12,2022-07-07,
2022070718,0.05,0.02,0.01,0.02,0.09,18,2022-07-07,
2022070800,0.04,0.02,0.01,0.01,0.08,0,2022-07-08,daily
2022070806,0.05,0.03,0.01,0.02,0.11,6,2022-07-08,
2022070812,0.05,0.03,0.01,0.02,0.1,12,2022-07-08,
2022070818,0.06,0.03,0.01,0.02,0.13,18,2022-07-08,
2022070900,0.04,0.03,0.01,0.01,0.09,0,2022-07-09,daily
2022070906,0.05,0.03,0.01,0.02,0.11,6,2022-07-09,
2022070912,0.05,0.04,0.01,0.02,0.12,12,2022-07-09,
2022070918,0.03,0.03,0.01,0.01,0.07,18,2022-07-09,
2022071000,0.02,0.02,0.01,0.01,0.05,0,2022-07-10,daily
2022071006,0.02,0.02,0.01,0.01,0.06,6,2022-07-10,
2022071012,0.03,0.02,0.01,0.01,0.07,12,2022-07-10,
2022071018,0.04,0.03,0.01,0.01,0.09,18,2022-07-10,
2022071100,0.03,0.02,0.01,0.01,0.07,0,2022-07-11,daily
2022071106,0.05,0.02,0.01,0.01,0.09,6,2022-07-11,
2022071112,0.08,0.02,0.01,0.01,0.13,12,2022-07-11,
2022071118,0.05,0.02,0.01,0.01,0.08,18,2022-07-11,
2022071200,0.04,0.02,0.01,0.01,0.08,0,2022-07-12,daily
2022071206,0.04,0.01,0.01,0.01,0.07,6,2022-07-12,
2022071212,0.05,0.01,0.01,0.01,0.08,12,2022-07-12,
2022071218,0.09,0.05,0.03,0.02,0.18,18,2022-07-12,
2022071300,0.07,0.04,0.03,0.01,0.16,0,2022-07-13,daily
2022071306,0.06,0.05,0.03,0.01,0.15,6,2022-07-13,
2022071312,0.1,0.06,0.03,0.03,0.21,12,2022-07-13,
2022071318,0.08,0.05,0.02,0.02,0.17,18,2022-07-13,
2022071400,0.06,0.04,0.02,0.01,0.14,0,2022-07-14,daily
2022071406,0.06,0.04,0.02,0.02,0.13,6,2022-07-14,
2022071412,0.08,0.04,0.02,0.03,0.16,12,2022-07-14,
2022071418,0.08,0.04,0.02,0.03,0.17,18,2022-07-14,
2022071500,0.09,0.04,0.02,0.02,0.16,0,2022-07-15,daily
2022071506,0.09,0.04,0.02,0.02,0.17,6,2022-07-15,
2022071512,0.1,0.05,0.02,0.02,0.2,12,2022-07-15,
2022071518,0.14,0.08,0.02,0.04,0.28,18,2022-07-15,
2022071600,0.12,0.14,0.02,0.03,0.31,0,2022-07-16,daily
2022071606,0.13,0.17,0.02,0.04,0.36,6,2022-07-16,
2022071612,0.14,0.18,0.02,0.04,0.38,12,2022-07-16,
2022071618,0.07,0.12,0.02,0.02,0.23,18,2022-07-16,
2022071700,0.06,0.14,0.02,0.01,0.23,0,2022-07-17,daily
2022071706,0.07,0.14,0.01,0.01,0.24,6,2022-07-17,
2022071712,0.08,0.15,0.02,0.02,0.25,12,2022-07-17,
2022071718,0.08,0.17,0.03,0.01,0.29,18,2022-07-17,
2022071800,0.07,0.15,0.03,0.01,0.26,0,2022-07-18,daily
2022071806,0.07,0.13,0.03,0.01,0.24,6,2022-07-18,
2022071812,0.06,0.1,0.03,0.01,0.2,12,2022-07-18,
2022071818,0.03,0.05,0.01,0,0.09,18,2022-07-18,
2022071900,0.03,0.04,0.01,0,0.08,0,2022-07-19,daily
2022071906,0.04,0.04,0.01,0.01,0.1,6,2022-07-19,
2022071912,0.05,0.04,0.01,0.01,0.11,12,2022-07-19,
2022071918,0.06,0.05,0.02,0.01,0.14,18,2022-07-19,
2022072000,0.06,0.05,0.02,0.02,0.15,0,2022-07-20,
2022072006,0.06,0.05,0.02,0.02,0.16,6,2022-07-20,
2022072012,0.06,0.05,0.02,0.03,0.15,12,2022-07-20,
2022072018,0.05,0.04,0.01,0.03,0.13,18,2022-07-20,
2022072100,0.04,0.05,0.01,0.03,0.13,0,2022-07-21,
2022072106,0.06,0.05,0.01,0.04,0.17,6,2022-07-21,
2022072112,0.08,0.06,0.02,0.04,0.2,12,2022-07-21,
2022072118,0.07,0.09,0.02,0.03,0.21,18,2022-07-21,
2022072200,0.05,0.08,0.01,0.02,0.16,0,2022-07-22,
2022072206,0.07,0.07,0.01,0.02,0.17,6,2022-07-22,
2022072212,0.07,0.07,0.01,0.02,0.17,12,2022-07-22,
2022072218,0.04,0.05,0.01,0.01,0.11,18,2022-07-22,
2022072300,0.04,0.05,0.01,0.01,0.1,0,2022-07-23,
2022072306,0.06,0.05,0.01,0.02,0.14,6,2022-07-23,
2022072312,0.06,0.05,0.01,0.02,0.14,12,2022-07-23,
2022072318,0.04,0.03,0.01,0.01,0.1,18,2022-07-23,
2022072400,0.03,0.03,0.01,0.01,0.09,0,2022-07-24,
2022072406,0.04,0.03,0.01,0.02,0.09,6,2022-07-24,
2022072412,0.04,0.02,0.01,0.02,0.1,12,2022-07-24,
2022072418,0.04,0.03,0.01,0.02,0.1,18,2022-07-24,
2022072500,0.04,0.03,0.01,0.01,0.09,0,2022-07-25,
2022072506,0.05,0.03,0.01,0.02,0.11,6,2022-07-25,
2022072512,0.04,0.03,0.01,0.02,0.09,12,2022-07-25,
2022072518,0.04,0.03,0.01,0.02,0.1,18,2022-07-25,
2022072600,0.03,0.03,0.01,0.01,0.08,0,2022-07-26,
2022072606,0.04,0.03,0.01,0.01,0.09,6,2022-07-26,
2022072612,0.04,0.03,0.01,0.01,0.09,12,2022-07-26,
2022072618,0.05,0.04,0.01,0.01,0.12,18,2022-07-26,
2022072700,0.05,0.04,0.02,0.01,0.12,0,2022-07-27,
2022072706,0.07,0.05,0.02,0.02,0.16,6,2022-07-27,
2022072712,0.07,0.05,0.02,0.02,0.16,12,2022-07-27,
2022072718,0.06,0.05,0.01,0.02,0.14,18,2022-07-27,
2022072800,0.04,0.04,0.01,0.02,0.11,0,2022-07-28,
2022072806,0.05,0.04,0.01,0.02,0.12,6,2022-07-28,
2022072812,0.05,0.03,0.01,0.02,0.11,12,2022-07-28,
2022072818,0.03,0.03,0.01,0.01,0.08,18,2022-07-28,
2022072900,0.04,0.03,0.01,0.02,0.1,0,2022-07-29,
2022072906,0.05,0.04,0.01,0.03,0.13,6,2022-07-29,
2022072912,0.05,0.04,0.01,0.03,0.12,12,2022-07-29,
2022072918,0.05,0.04,0.01,0.03,0.12,18,2022-07-29,
2022073000,0.04,0.06,0.01,0.02,0.13,0,2022-07-30,
2022073006,0.05,0.08,0.01,0.03,0.17,6,2022-07-30,
2022073012,0.06,0.09,0.01,0.03,0.18,12,2022-07-30,
2022073018,0.06,0.09,0.01,0.02,0.18,18,2022-07-30,
2022073100,0.04,0.08,0.01,0.01,0.15,0,2022-07-31,
2022073106,0.05,0.08,0.01,0.02,0.17,6,2022-07-31,
2022073112,0.04,0.08,0.01,0.02,0.15,12,2022-07-31,
2022073118,0.05,0.08,0.01,0.03,0.17,18,2022-07-31,
2022080100,0.03,0.05,0,0.02,0.11,0,2022-08-01,
2022080106,0.03,0.03,0,0.03,0.1,6,2022-08-01,
2022080112,0.04,0.03,0,0.03,0.1,12,2022-08-01,
2022080118,0.03,0.03,0,0.01,0.08,18,2022-08-01,
2022080200,0.03,0.04,0,0.01,0.08,0,2022-08-02,
2022080206,0.04,0.03,0,0.02,0.09,6,2022-08-02,
2022080212,0.03,0.03,0,0.02,0.08,12,2022-08-02,
2022080218,0.05,0.05,0.01,0.02,0.12,18,2022-08-02,
2022080300,0.03,0.05,0.01,0.01,0.1,0,2022-08-03,
2022080306,0.05,0.05,0.01,0.03,0.13,6,2022-08-03,
2022080312,0.05,0.06,0.01,0.03,0.16,12,2022-08-03,
2022080318,0.05,0.05,0.01,0.02,0.13,18,2022-08-03,
2022080400,0.03,0.05,0.01,0.01,0.1,0,2022-08-04,
2022080406,0.06,0.05,0.01,0.03,0.17,6,2022-08-04,
2022080412,0.06,0.07,0.02,0.02,0.17,12,2022-08-04,
2022080418,0.07,0.08,0.02,0.02,0.2,18,2022-08-04,
2022080500,0.06,0.08,0.03,0.02,0.18,0,2022-08-05,
2022080506,0.07,0.08,0.03,0.02,0.21,6,2022-08-05,
2022080512,0.07,0.09,0.03,0.02,0.21,12,2022-08-05,
2022080518,0.07,0.08,0.02,0.02,0.19,18,2022-08-05,
2022080600,0.06,0.08,0.02,0.02,0.18,0,2022-08-06,
2022080606,0.08,0.08,0.02,0.02,0.2,6,2022-08-06,
2022080612,0.08,0.08,0.02,0.02,0.2,12,2022-08-06,
2022080618,0.08,0.07,0.02,0.02,0.19,18,2022-08-06,
2022080700,0.06,0.07,0.01,0.02,0.16,0,2022-08-07,
2022080706,0.07,0.06,0.01,0.02,0.16,6,2022-08-07,
2022080712,0.08,0.06,0.01,0.03,0.17,12,2022-08-07,
2022080718,0.05,0.05,0.01,0.01,0.12,18,2022-08-07,
2022080800,0.04,0.04,0.01,0.01,0.1,0,2022-08-08,
2022080806,0.04,0.04,0.01,0.02,0.11,6,2022-08-08,
2022080812,0.05,0.05,0.01,0.02,0.13,12,2022-08-08,
2022080818,0.04,0.05,0.01,0.02,0.11,18,2022-08-08,
2022080900,0.04,0.04,0.01,0.01,0.1,0,2022-08-09,
2022080906,0.04,0.04,0.01,0.02,0.11,6,2022-08-09,
2022080912,0.04,0.04,0.01,0.02,0.12,12,2022-08-09,
2022080918,0.04,0.04,0.01,0.02,0.1,18,2022-08-09,
2022081000,0.03,0.03,0.01,0.01,0.09,0,2022-08-10,
2022081006,0.04,0.03,0.01,0.02,0.1,6,2022-08-10,
2022081012,0.04,0.03,0.01,0.01,0.09,12,2022-08-10,
2022081018,0.05,0.04,0.01,0.02,0.12,18,2022-08-10,
2022081100,0.05,0.04,0.01,0.01,0.11,0,2022-08-11,
2022081106,0.05,0.03,0.01,0.02,0.11,6,2022-08-11,
2022081112,0.06,0.03,0.01,0.02,0.12,12,2022-08-11,
2022081118,0.07,0.03,0.01,0.01,0.12,18,2022-08-11,
2022081200,0.09,0.03,0.01,0.01,0.14,0,2022-08-12,
2022081206,0.11,0.03,0.01,0.02,0.16,6,2022-08-12,
2022081212,0.11,0.02,0.01,0.01,0.16,12,2022-08-12,
2022081218,0.09,0.02,0.01,0.01,0.12,18,2022-08-12,
2022081300,0.13,0.02,0.01,0.01,0.16,0,2022-08-13,
2022081306,0.17,0.02,0.01,0.01,0.21,6,2022-08-13,
2022081312,0.12,0.02,0.01,0.01,0.16,12,2022-08-13,
2022081318,0.12,0.02,0.01,0.01,0.17,18,2022-08-13,
2022081400,0.14,0.02,0.01,0.02,0.19,0,2022-08-14,
2022081406,0.22,0.03,0.01,0.02,0.28,6,2022-08-14,
2022081412,0.32,0.03,0.01,0.05,0.41,12,2022-08-14,
2022081418,0.27,0.03,0.01,0.05,0.36,18,2022-08-14,
2022081500,0.28,0.03,0.01,0.05,0.38,0,2022-08-15,
2022081506,0.18,0.04,0.01,0.04,0.27,6,2022-08-15,
2022081512,0.13,0.04,0.01,0.04,0.22,12,2022-08-15,
2022081518,0.11,0.05,0.01,0.04,0.2,18,2022-08-15,
2022081600,0.1,0.05,0.01,0.05,0.21,0,2022-08-16,
2022081606,0.07,0.05,0.01,0.03,0.15,6,2022-08-16,
2022081612,0.07,0.05,0.01,0.03,0.15,12,2022-08-16,
2022081618,0.06,0.04,0.01,0.02,0.13,18,2022-08-16,
2022081700,0.05,0.04,0.01,0.02,0.1,0,2022-08-17,
2022081706,0.05,0.04,0.01,0.02,0.12,6,2022-08-17,
2022081712,0.05,0.04,0.01,0.02,0.11,12,2022-08-17,
2022081718,0.06,0.03,0.01,0.02,0.12,18,2022-08-17,
2022081800,0.04,0.03,0.01,0.01,0.09,0,2022-08-18,
2022081806,0.05,0.03,0.01,0.02,0.11,6,2022-08-18,
2022081812,0.06,0.03,0.01,0.02,0.13,12,2022-08-18,
2022081818,0.09,0.05,0.02,0.02,0.17,18,2022-08-18,
2022081900,0.07,0.06,0.02,0.02,0.16,0,2022-08-19,
2022081906,0.08,0.05,0.01,0.02,0.17,6,2022-08-19,
2022081912,0.09,0.05,0.01,0.02,0.18,12,2022-08-19,
2022081918,0.04,0.03,0.01,0.01,0.09,18,2022-08-19,
2022082000,0.04,0.04,0.01,0.01,0.09,0,2022-08-20,
2022082006,0.06,0.04,0.01,0.02,0.12,6,2022-08-20,
2022082012,0.06,0.03,0.01,0.02,0.12,12,2022-08-20,
2022082018,0.06,0.03,0.01,0.03,0.13,18,2022-08-20,
2022082100,0.09,0.03,0.01,0.04,0.16,0,2022-08-21,
2022082106,0.12,0.03,0.01,0.05,0.21,6,2022-08-21,
2022082112,0.1,0.03,0.01,0.03,0.17,12,2022-08-21,
2022082118,0.11,0.02,0.01,0.03,0.17,18,2022-08-21,
2022082200,0.08,0.02,0.01,0.02,0.14,0,2022-08-22,
2022082206,0.08,0.02,0.01,0.02,0.14,6,2022-08-22,
2022082212,0.09,0.03,0.01,0.03,0.15,12,2022-08-22,
2022082218,0.12,0.05,0.01,0.03,0.21,18,2022-08-22,
2022082300,0.07,0.04,0.01,0.02,0.12,0,2022-08-23,
2022082306,0.06,0.03,0.01,0.01,0.11,6,2022-08-23,
2022082312,0.08,0.03,0.01,0.02,0.14,12,2022-08-23,
2022082318,0.09,0.03,0.01,0.02,0.14,18,2022-08-23,
2022082400,0.09,0.03,0.01,0.01,0.14,0,2022-08-24,
2022082406,0.08,0.03,0.01,0.01,0.13,6,2022-08-24,
2022082412,0.08,0.04,0.01,0.01,0.14,12,2022-08-24,
2022082418,0.07,0.04,0.01,0.01,0.13,18,2022-08-24,
2022082500,0.08,0.04,0.01,0.01,0.14,0,2022-08-25,
2022082506,0.1,0.04,0.01,0.01,0.16,6,2022-08-25,
2022082512,0.13,0.04,0.01,0.02,0.21,12,2022-08-25,
2022082518,0.13,0.03,0.01,0.01,0.18,18,2022-08-25,
2022082600,0.11,0.03,0.01,0.01,0.16,0,2022-08-26,
2022082606,0.11,0.03,0.01,0.01,0.16,6,2022-08-26,
2022082612,0.12,0.03,0.01,0.02,0.17,12,2022-08-26,
2022082618,0.14,0.02,0.01,0.02,0.19,18,2022-08-26,
2022082700,0.08,0.02,0.01,0.01,0.13,0,2022-08-27,
2022082706,0.09,0.02,0.01,0.01,0.13,6,2022-08-27,
2022082712,0.07,0.02,0.01,0.01,0.11,12,2022-08-27,
2022082718,0.05,0.02,0.01,0.01,0.08,18,2022-08-27,
2022082800,0.04,0.02,0,0.01,0.06,0,2022-08-28,
2022082806,0.04,0.01,0,0.01,0.07,6,2022-08-28,
2022082812,0.04,0.01,0,0.01,0.07,12,2022-08-28,
2022082818,0.01,0,0,0,0.02,18,2022-08-28,